insight_id,type,district,indicator,period,metric,previous_value,change_pct,reference_mean,deviation_from_mean,boundary,boundary_distance,severity,explanation
INS-0001,trend,Ahmedabad,anc_coverage,2026-08,69.0,85.0,-18.82,,,,,Medium,"Anc Coverage in Ahmedabad dropped by 18.8% compared to the previous month. The value changed from 85 to 69, exceeding the 10% significant-change threshold."
INS-0002,trend,Ahmedabad,high_risk_cases,2026-08,13.0,10.0,30.0,,,,,High,"High Risk Cases in Ahmedabad increased by 30.0% compared to the previous month. The value changed from 10 to 13, exceeding the 10% significant-change threshold."
INS-0003,trend,Bhavnagar,high_risk_cases,2026-08,15.0,17.0,-11.76,,,,,Medium,"High Risk Cases in Bhavnagar dropped by 11.8% compared to the previous month. The value changed from 17 to 15, exceeding the 10% significant-change threshold."
INS-0004,trend,Mehsana,anc_coverage,2026-08,42.0,84.0,-50.0,,,,,High,"Anc Coverage in Mehsana dropped by 50.0% compared to the previous month. The value changed from 84 to 42, exceeding the 10% significant-change threshold."
INS-0005,trend,Mehsana,high_risk_cases,2026-08,28.0,11.0,154.55,,,,,High,"High Risk Cases in Mehsana increased by 154.5% compared to the previous month. The value changed from 11 to 28, exceeding the 10% significant-change threshold."
INS-0006,trend,Vadodara,high_risk_cases,2026-08,6.0,7.0,-14.29,,,,,Medium,"High Risk Cases in Vadodara dropped by 14.3% compared to the previous month. The value changed from 7 to 6, exceeding the 10% significant-change threshold."
INS-0007,outlier,Ahmedabad,anc_coverage,2026-08,69.0,,,78.33,-9.33,69.88,0.88,Medium,"Ahmedabad's Anc Coverage of 69 is 9.33 below the dataset mean (78.33). The value is outside the IQR boundaries (69.88 to 92.88), flagging it for review."
INS-0008,outlier,Mehsana,anc_coverage,2026-08,42.0,,,78.33,-36.33,69.88,27.88,High,"Mehsana's Anc Coverage of 42 is 36.33 below the dataset mean (78.33). The value is outside the IQR boundaries (69.88 to 92.88), flagging it for review."
INS-0009,outlier,Vadodara,immunization,2026-07,96.0,,,91.67,4.33,95.62,0.38,Medium,"Vadodara's Immunization of 96 is 4.33 above the dataset mean (91.67). The value is outside the IQR boundaries (86.62 to 95.62), flagging it for review."
INS-0010,outlier,Vadodara,immunization,2026-08,97.0,,,91.67,5.33,95.62,1.38,Medium,"Vadodara's Immunization of 97 is 5.33 above the dataset mean (91.67). The value is outside the IQR boundaries (86.62 to 95.62), flagging it for review."
INS-0011,outlier,Mehsana,high_risk_cases,2026-08,28.0,,,13.42,14.58,21.38,6.62,High,"Mehsana's High Risk Cases of 28 is 14.58 above the dataset mean (13.42). The value is outside the IQR boundaries (4.38 to 21.38), flagging it for review."
INS-0012,correlation,All districts,anc_coverage and high_risk_cases,All periods,-0.9335,,,,,,,High,"Anc Coverage and High Risk Cases show a negative Pearson correlation of -0.93. This describes an observed linear association, not causation. Interpret cautiously because the dataset is small."
INS-0013,correlation,All districts,institutional_delivery and immunization,All periods,0.974,,,,,,,High,"Institutional Delivery and Immunization show a positive Pearson correlation of 0.97. This describes an observed linear association, not causation. Interpret cautiously because the dataset is small."
